epoch,time,train/box_loss,train/cls_loss,train/l1_loss,metrics/precision(B),metrics/recall(B),metrics/mAP50(B),metrics/mAP50-95(B),val/box_loss,val/cls_loss,val/l1_loss,lr/pg0,lr/pg1,lr/pg2
1,29.8416,2.03182,4.53911,0.01107,0.06553,0.32974,0.06822,0.03544,1.75225,4.88517,0.01116,0.000244127,0.000244127,0.000244127
2,43.5193,1.7044,2.87236,0.00991,0.30106,0.36841,0.3098,0.15906,1.60767,3.17464,0.00995,0.000496332,0.000496332,0.000496332
3,62.9275,1.77893,2.33505,0.01014,0.32855,0.41932,0.34438,0.18792,1.72365,2.34257,0.01092,0.000744307,0.000744307,0.000744307
4,76.4375,1.78578,2.07748,0.00951,0.50423,0.43431,0.43331,0.25289,1.73572,2.12839,0.01088,0.000749967,0.000749967,0.000749967
5,89.7268,1.74065,1.82828,0.00911,0.61384,0.62191,0.62648,0.36758,1.65501,1.69902,0.01009,0.000743623,0.000743623,0.000743623
6,103.598,1.67832,1.56658,0.00864,0.64655,0.64892,0.65755,0.35514,1.56757,1.55995,0.00947,0.000737279,0.000737279,0.000737279
7,117.047,1.7526,1.60692,0.00928,0.71187,0.65083,0.71269,0.39545,1.65625,1.44004,0.01012,0.000730935,0.000730935,0.000730935
8,133.116,1.65909,1.38215,0.00864,0.75175,0.72228,0.75322,0.43925,1.58939,1.3034,0.0096,0.00072459,0.00072459,0.00072459
9,152.42,1.70693,1.48314,0.00886,0.79626,0.67154,0.75804,0.45189,1.60079,1.36937,0.00976,0.000718246,0.000718246,0.000718246
10,178.67,1.61804,1.29275,0.00845,0.77258,0.69682,0.73785,0.43108,1.72494,1.48782,0.01054,0.000711902,0.000711902,0.000711902
11,208.038,1.60601,1.28467,0.00822,0.81187,0.75301,0.81288,0.48917,1.63897,1.27011,0.00976,0.000705558,0.000705558,0.000705558
12,264.545,1.61019,1.21142,0.00819,0.82522,0.7308,0.81378,0.50796,1.53308,1.29305,0.00908,0.000699213,0.000699213,0.000699213
13,291.315,1.58448,1.20156,0.00823,0.82915,0.70025,0.80222,0.48655,1.74901,1.40334,0.01083,0.000692869,0.000692869,0.000692869
14,330.302,1.56486,1.1472,0.00837,0.83436,0.77044,0.82535,0.51799,1.59393,1.17758,0.00959,0.000686525,0.000686525,0.000686525
15,357.371,1.58361,1.14606,0.008,0.81521,0.75868,0.82436,0.50904,1.60265,1.16535,0.00959,0.000680181,0.000680181,0.000680181
16,377.514,1.55703,1.19477,0.00812,0.85847,0.76413,0.83042,0.50408,1.59633,1.14081,0.00946,0.000673836,0.000673836,0.000673836
17,397.319,1.52358,1.14281,0.0079,0.88809,0.72841,0.84252,0.50698,1.61544,1.19102,0.00955,0.000667492,0.000667492,0.000667492
18,415.993,1.5008,1.06834,0.00756,0.87536,0.77507,0.83993,0.49846,1.66882,1.1528,0.01017,0.000661148,0.000661148,0.000661148
19,459.164,1.58078,1.23983,0.0088,0.86968,0.76975,0.82332,0.51107,1.63514,1.17999,0.01009,0.000654804,0.000654804,0.000654804
20,475.417,1.60278,1.22964,0.00838,0.86396,0.78188,0.83597,0.51914,1.59474,1.10973,0.00998,0.000648459,0.000648459,0.000648459
21,491.577,1.52072,1.06061,0.00768,0.85403,0.78384,0.83895,0.52225,1.58599,1.12997,0.00979,0.000642115,0.000642115,0.000642115
22,531.466,1.55414,1.05879,0.00758,0.83397,0.77921,0.83575,0.51732,1.53647,1.13356,0.00933,0.000635771,0.000635771,0.000635771
23,551.708,1.48583,1.00962,0.00802,0.84206,0.80186,0.83594,0.5229,1.55755,1.12531,0.00953,0.000629427,0.000629427,0.000629427
24,578.166,1.50197,1.00327,0.00773,0.86523,0.8138,0.85648,0.52696,1.57801,1.09789,0.0096,0.000623082,0.000623082,0.000623082
25,639.249,1.45439,0.99545,0.00751,0.90272,0.81411,0.86853,0.55328,1.56056,1.02827,0.00968,0.000616738,0.000616738,0.000616738
26,663.973,1.45329,0.98062,0.00745,0.90338,0.78072,0.85448,0.51715,1.61666,1.07028,0.00978,0.000610394,0.000610394,0.000610394
27,682.875,1.46633,0.94169,0.00751,0.89367,0.80888,0.85991,0.52369,1.58232,1.10107,0.00957,0.00060405,0.00060405,0.00060405
28,701.924,1.48292,0.94648,0.00748,0.86899,0.79601,0.85464,0.53584,1.58623,1.01287,0.01008,0.000597705,0.000597705,0.000597705
29,741.216,1.46584,0.96339,0.00732,0.86191,0.82972,0.8639,0.54395,1.49467,0.99032,0.00928,0.000591361,0.000591361,0.000591361
30,761.246,1.50968,1.09762,0.00844,0.88052,0.842,0.87753,0.54863,1.45406,0.95353,0.00879,0.000585017,0.000585017,0.000585017
31,777.008,1.43548,0.95482,0.00719,0.8667,0.82471,0.87278,0.55339,1.47595,0.99355,0.00883,0.000578672,0.000578672,0.000578672
32,802.96,1.45639,0.93633,0.00769,0.90993,0.78372,0.87129,0.50202,1.59225,1.08242,0.00915,0.000572328,0.000572328,0.000572328
33,822.005,1.42082,0.94839,0.00744,0.85557,0.82825,0.86394,0.54774,1.513,1.01247,0.00915,0.000565984,0.000565984,0.000565984
34,837.291,1.42168,0.91228,0.00727,0.90164,0.82825,0.87739,0.55691,1.50509,0.96112,0.00895,0.00055964,0.00055964,0.00055964
35,852.382,1.38865,0.89123,0.00694,0.90833,0.81726,0.88348,0.55283,1.5627,1.00567,0.00934,0.000553296,0.000553296,0.000553296
36,870.666,1.41941,0.9311,0.00725,0.91431,0.7815,0.85814,0.54694,1.5156,1.06429,0.00972,0.000546951,0.000546951,0.000546951
37,884.399,1.39703,0.88265,0.00688,0.87937,0.80711,0.85072,0.52742,1.68342,1.06292,0.01079,0.000540607,0.000540607,0.000540607
38,903.421,1.42497,0.91197,0.007,0.90865,0.8014,0.86399,0.53342,1.61752,1.02387,0.00993,0.000534263,0.000534263,0.000534263
39,916.978,1.44083,0.99678,0.00745,0.92165,0.80447,0.87595,0.54725,1.52513,0.94627,0.0094,0.000527919,0.000527919,0.000527919
40,936.031,1.36375,0.86546,0.00731,0.91082,0.82078,0.88195,0.56016,1.50475,0.93543,0.00929,0.000521574,0.000521574,0.000521574
41,973.524,1.36819,0.90168,0.00708,0.8903,0.84152,0.88687,0.56536,1.50776,0.9479,0.00901,0.00051523,0.00051523,0.00051523
42,1012.62,1.35597,0.88687,0.00688,0.90586,0.81387,0.87784,0.55527,1.47121,0.96155,0.0088,0.000508886,0.000508886,0.000508886
43,1031.57,1.38813,0.97415,0.00727,0.87846,0.84061,0.89199,0.57912,1.47104,0.94154,0.00912,0.000502541,0.000502541,0.000502541
44,1055.66,1.36191,0.94385,0.00667,0.91338,0.81426,0.88862,0.56637,1.55243,0.97219,0.00966,0.000496197,0.000496197,0.000496197
45,1088.81,1.35793,0.82195,0.007,0.90755,0.83587,0.88183,0.56614,1.53114,0.96709,0.00972,0.000489853,0.000489853,0.000489853
46,1111.75,1.33368,0.83392,0.00681,0.87955,0.83957,0.88083,0.57265,1.50475,1.00032,0.0098,0.000483509,0.000483509,0.000483509
47,1130.05,1.34061,0.83643,0.00682,0.8883,0.85033,0.89217,0.58977,1.45713,0.93929,0.00885,0.000477165,0.000477165,0.000477165
48,1143.8,1.37331,0.97812,0.00799,0.90664,0.85101,0.8852,0.57537,1.52606,0.96129,0.00941,0.00047082,0.00047082,0.00047082
49,1175.52,1.29267,0.83352,0.00676,0.92701,0.84073,0.89999,0.57202,1.58739,1.02203,0.0097,0.000464476,0.000464476,0.000464476
50,1195.59,1.37401,0.81124,0.00723,0.91572,0.83887,0.88622,0.55176,1.52147,0.97571,0.0094,0.000458132,0.000458132,0.000458132
51,1211.75,1.33439,0.88573,0.00698,0.92582,0.83348,0.90091,0.58061,1.44994,0.89766,0.00901,0.000451787,0.000451787,0.000451787
52,1230.53,1.34393,0.87535,0.00704,0.92667,0.856,0.91777,0.59339,1.52086,0.91166,0.00935,0.000445443,0.000445443,0.000445443
53,1254.17,1.27419,0.75194,0.00654,0.91273,0.83807,0.89291,0.56639,1.54934,1.0078,0.00973,0.000439099,0.000439099,0.000439099
54,1287.33,1.28496,0.77048,0.00665,0.92199,0.83743,0.89342,0.58169,1.543,0.97578,0.00952,0.000432755,0.000432755,0.000432755
55,1306.35,1.27216,0.78867,0.00627,0.92388,0.8324,0.89307,0.58179,1.47587,0.98327,0.00922,0.000426411,0.000426411,0.000426411
56,1324.89,1.25714,0.75957,0.00643,0.90827,0.82665,0.90139,0.57555,1.5246,0.93543,0.00953,0.000420066,0.000420066,0.000420066
57,1338.1,1.28804,0.78947,0.00658,0.92823,0.84645,0.89336,0.56392,1.50203,0.92374,0.00957,0.000413722,0.000413722,0.000413722
58,1355.79,1.25703,0.72798,0.0062,0.91818,0.83718,0.89238,0.58014,1.53506,0.94799,0.00984,0.000407378,0.000407378,0.000407378
59,1374.11,1.23445,0.7417,0.00627,0.92392,0.83308,0.89562,0.58073,1.54127,0.93063,0.00941,0.000401033,0.000401033,0.000401033
60,1387.06,1.2173,0.7084,0.0059,0.93785,0.84251,0.90968,0.59865,1.44496,0.92873,0.00905,0.000394689,0.000394689,0.000394689
61,1405.62,1.20825,0.73573,0.00603,0.88794,0.86321,0.902,0.59564,1.48336,0.96577,0.00929,0.000388345,0.000388345,0.000388345
62,1418.4,1.19939,0.74331,0.00634,0.92945,0.83485,0.89538,0.58909,1.4827,1.01164,0.00933,0.000382001,0.000382001,0.000382001
63,1437.66,1.21693,0.76393,0.00603,0.90462,0.84785,0.89052,0.56341,1.56838,0.99135,0.01002,0.000375656,0.000375656,0.000375656
64,1456.41,1.22096,0.75485,0.00607,0.9418,0.83285,0.90154,0.57726,1.51236,1.02103,0.0095,0.000369312,0.000369312,0.000369312
65,1474.93,1.159,0.67522,0.00578,0.88693,0.85785,0.89507,0.58087,1.49483,0.98502,0.00958,0.000362968,0.000362968,0.000362968
66,1493.13,1.1871,0.72862,0.00589,0.93089,0.83754,0.89356,0.59201,1.51387,0.9103,0.0098,0.000356624,0.000356624,0.000356624
67,1512.03,1.19028,0.69881,0.00605,0.92247,0.84729,0.90824,0.59507,1.49625,0.86505,0.00954,0.00035028,0.00035028,0.00035028
68,1532.42,1.171,0.68551,0.00603,0.90153,0.8548,0.89689,0.58295,1.53119,0.90601,0.00946,0.000343935,0.000343935,0.000343935
69,1546.22,1.18675,0.73617,0.00631,0.92456,0.8411,0.89971,0.58943,1.53423,0.93678,0.0094,0.000337591,0.000337591,0.000337591
70,1565.76,1.1993,0.6683,0.00594,0.89584,0.86906,0.90127,0.57773,1.47747,0.923,0.00918,0.000331247,0.000331247,0.000331247
71,1579.79,1.18991,0.68716,0.00595,0.91248,0.86049,0.90497,0.5693,1.49007,0.97052,0.00915,0.000324903,0.000324903,0.000324903
72,1600.92,1.19187,0.72114,0.00617,0.90496,0.8857,0.91445,0.604,1.47484,0.88446,0.00918,0.000318558,0.000318558,0.000318558
73,1657.37,1.16365,0.71966,0.00593,0.91142,0.87729,0.90856,0.60132,1.49001,0.91384,0.00933,0.000312214,0.000312214,0.000312214
74,1677.21,1.11744,0.6441,0.0056,0.89352,0.87726,0.90637,0.58773,1.52244,1.02795,0.00937,0.00030587,0.00030587,0.00030587
75,1697.29,1.09193,0.60978,0.00546,0.89439,0.8631,0.90377,0.59603,1.45327,0.9822,0.00884,0.000299525,0.000299525,0.000299525
76,1717.44,1.12113,0.65973,0.00565,0.91882,0.84154,0.90433,0.59181,1.44134,0.97952,0.00876,0.000293181,0.000293181,0.000293181
77,1738.22,1.09378,0.64358,0.00569,0.93956,0.85057,0.90956,0.59139,1.46167,0.92884,0.00883,0.000286837,0.000286837,0.000286837
78,1758.78,1.07168,0.61476,0.00533,0.95064,0.85735,0.91186,0.5966,1.41018,0.99672,0.00844,0.000280493,0.000280493,0.000280493
79,1773.25,1.07979,0.59958,0.00527,0.93578,0.87406,0.90805,0.60803,1.43937,0.94375,0.00887,0.000274148,0.000274148,0.000274148
80,1788.66,1.10945,0.61549,0.00572,0.94801,0.86252,0.89917,0.59224,1.48671,1.01528,0.0092,0.000267804,0.000267804,0.000267804
81,1807.76,1.08707,0.64057,0.00536,0.96876,0.84727,0.90527,0.59815,1.49236,1.00851,0.0093,0.00026146,0.00026146,0.00026146
82,1826.54,1.10755,0.66363,0.00569,0.95446,0.84828,0.9052,0.58888,1.49084,0.95073,0.00916,0.000255116,0.000255116,0.000255116
83,1865.25,1.07091,0.59302,0.00541,0.94266,0.84868,0.90519,0.59464,1.47777,0.93768,0.00926,0.000248772,0.000248772,0.000248772
84,1886.74,1.12367,0.65157,0.00531,0.9345,0.8567,0.9018,0.57854,1.48829,0.90402,0.00914,0.000242427,0.000242427,0.000242427
85,1906.48,1.07519,0.61556,0.00529,0.94575,0.86137,0.91608,0.59713,1.4404,0.88139,0.00896,0.000236083,0.000236083,0.000236083
86,1926.63,1.0389,0.57184,0.00526,0.94463,0.84807,0.91535,0.60979,1.42165,0.88923,0.00867,0.000229739,0.000229739,0.000229739
87,1953.63,1.03068,0.59025,0.00538,0.95124,0.8763,0.92038,0.60745,1.42465,0.84424,0.00861,0.000223395,0.000223395,0.000223395
88,1969.34,1.04864,0.60091,0.00531,0.95453,0.85438,0.92056,0.60744,1.4043,0.86419,0.00852,0.00021705,0.00021705,0.00021705
89,1998.92,1.05846,0.62473,0.00528,0.93066,0.86129,0.90705,0.59977,1.45156,0.93412,0.00887,0.000210706,0.000210706,0.000210706
90,2013.88,1.01628,0.56129,0.00497,0.92818,0.86948,0.90369,0.60534,1.43967,0.91368,0.00885,0.000204362,0.000204362,0.000204362
91,2033.56,1.06848,0.63192,0.00522,0.95015,0.85743,0.90997,0.59444,1.43638,0.90751,0.0088,0.000198018,0.000198018,0.000198018
92,2054.02,0.99464,0.55472,0.00493,0.94539,0.86687,0.91124,0.606,1.46521,0.90974,0.00924,0.000191673,0.000191673,0.000191673
93,2074.53,1.01153,0.65121,0.00539,0.94889,0.86555,0.90597,0.60951,1.42733,0.92148,0.00898,0.000185329,0.000185329,0.000185329
94,2094.95,0.99303,0.62002,0.00535,0.9598,0.84768,0.91035,0.59468,1.46037,0.9282,0.00903,0.000178985,0.000178985,0.000178985
95,2115.67,1.02059,0.60231,0.00494,0.95647,0.86292,0.91095,0.60418,1.43558,0.92117,0.00889,0.000172641,0.000172641,0.000172641
96,2136.36,1.00619,0.58804,0.0049,0.95094,0.85696,0.91527,0.6134,1.44549,0.90983,0.00896,0.000166296,0.000166296,0.000166296
97,2156.49,0.97941,0.55668,0.00473,0.93149,0.8627,0.91663,0.60637,1.45168,0.9252,0.00896,0.000159952,0.000159952,0.000159952
98,2176.99,1.00124,0.59771,0.00487,0.94469,0.85949,0.91354,0.59954,1.45561,0.96312,0.00897,0.000153608,0.000153608,0.000153608
99,2197.56,0.99586,0.57473,0.00498,0.94748,0.85545,0.9127,0.61316,1.43401,0.96825,0.00892,0.000147264,0.000147264,0.000147264
100,2231.45,0.97675,0.57579,0.00464,0.9467,0.86463,0.91432,0.60087,1.45862,0.94964,0.00907,0.000140919,0.000140919,0.000140919
101,2251.33,0.98746,0.6161,0.00569,0.95287,0.86138,0.91465,0.6144,1.44263,0.95008,0.00894,0.000134575,0.000134575,0.000134575
102,2271.74,1.00619,0.58604,0.00505,0.94678,0.86061,0.91514,0.6123,1.41924,0.91944,0.00884,0.000128231,0.000128231,0.000128231
103,2291.6,0.98347,0.53416,0.00472,0.94029,0.86717,0.91526,0.61077,1.45511,0.91942,0.00901,0.000121887,0.000121887,0.000121887
104,2310.71,0.96867,0.56867,0.0047,0.94897,0.87658,0.91571,0.60368,1.4555,0.90782,0.00898,0.000115542,0.000115542,0.000115542
105,2356.42,0.98923,0.56885,0.00488,0.95138,0.87302,0.91726,0.60781,1.46939,0.91748,0.00915,0.000109198,0.000109198,0.000109198
106,2371.39,0.9497,0.53444,0.00464,0.93193,0.8829,0.91922,0.60895,1.47081,0.9037,0.00915,0.000102854,0.000102854,0.000102854
107,2392.09,0.96413,0.5561,0.00482,0.93582,0.88525,0.91975,0.60576,1.46287,0.91011,0.00909,9.65095e-05,9.65095e-05,9.65095e-05
108,2412.73,0.93315,0.54077,0.00456,0.96118,0.85777,0.91942,0.61446,1.46272,0.92897,0.00911,9.01652e-05,9.01652e-05,9.01652e-05
109,2439.73,0.96368,0.6173,0.00471,0.93781,0.8833,0.92192,0.61612,1.45172,0.9237,0.009,8.3821e-05,8.3821e-05,8.3821e-05
110,2464.29,0.93941,0.53824,0.00447,0.95089,0.87835,0.92029,0.61078,1.46786,0.91829,0.00911,7.74768e-05,7.74768e-05,7.74768e-05
111,2480.04,0.88174,0.41467,0.00532,0.95056,0.87578,0.91623,0.60857,1.48488,0.92519,0.00924,7.11325e-05,7.11325e-05,7.11325e-05
112,2493.93,0.8544,0.41006,0.00479,0.95761,0.87402,0.92022,0.60551,1.4627,0.9079,0.00908,6.47882e-05,6.47882e-05,6.47882e-05
113,2512.7,0.84195,0.38589,0.00492,0.95145,0.8731,0.9198,0.6093,1.45721,0.90338,0.00904,5.8444e-05,5.8444e-05,5.8444e-05
114,2533.72,0.84979,0.41456,0.00503,0.94546,0.88631,0.91897,0.61721,1.45477,0.9131,0.00903,5.20998e-05,5.20998e-05,5.20998e-05
115,2553.01,0.83367,0.39878,0.00492,0.94478,0.88095,0.91657,0.61125,1.44628,0.91831,0.00898,4.57555e-05,4.57555e-05,4.57555e-05
116,2587.45,0.83323,0.39292,0.00479,0.94583,0.86496,0.91548,0.60304,1.45868,0.94145,0.00901,3.94112e-05,3.94112e-05,3.94112e-05
117,2602.06,0.82688,0.39168,0.0048,0.94363,0.87089,0.9164,0.61079,1.43744,0.93852,0.00893,3.3067e-05,3.3067e-05,3.3067e-05
118,2621.79,0.85965,0.42888,0.00508,0.94757,0.87424,0.91499,0.61083,1.43983,0.93364,0.00893,2.67228e-05,2.67228e-05,2.67228e-05
119,2671.9,0.82057,0.39487,0.00482,0.93853,0.88176,0.91732,0.61051,1.44987,0.92796,0.00896,2.03785e-05,2.03785e-05,2.03785e-05
120,2692.05,0.80003,0.39155,0.00461,0.9702,0.8605,0.91777,0.60874,1.4499,0.92235,0.00895,1.40342e-05,1.40342e-05,1.40342e-05
